{
    "name": "root",
    "gauges": {
        "WalkToGoal.Policy.Entropy.mean": {
            "value": 1.4349919557571411,
            "min": 1.4349919557571411,
            "max": 1.6091974973678589,
            "count": 9
        },
        "WalkToGoal.Policy.Entropy.sum": {
            "value": 14344.1796875,
            "min": 14344.1796875,
            "max": 16143.46875,
            "count": 9
        },
        "WalkToGoal.Time.Step:Millis.mean": {
            "value": 23.159371030573944,
            "min": 14.347662387865075,
            "max": 76385334927.80984,
            "count": 9
        },
        "WalkToGoal.Time.Step:Millis.sum": {
            "value": 231501.07282161713,
            "min": 143404.88556671143,
            "max": 766297679995788.4,
            "count": 9
        },
        "WalkToGoal.Environment.EpisodeLength.mean": {
            "value": 10.387940841865756,
            "min": 9.358255451713395,
            "max": 10.387940841865756,
            "count": 9
        },
        "WalkToGoal.Environment.EpisodeLength.sum": {
            "value": 9131.0,
            "min": 9012.0,
            "max": 9131.0,
            "count": 9
        },
        "WalkToGoal.Step.mean": {
            "value": 89997.0,
            "min": 9996.0,
            "max": 89997.0,
            "count": 9
        },
        "WalkToGoal.Step.sum": {
            "value": 89997.0,
            "min": 9996.0,
            "max": 89997.0,
            "count": 9
        },
        "WalkToGoal.Policy.GailValueEstimate.mean": {
            "value": 6.5533976554870605,
            "min": -0.0629941001534462,
            "max": 6.5533976554870605,
            "count": 9
        },
        "WalkToGoal.Policy.GailValueEstimate.sum": {
            "value": 15970.6298828125,
            "min": -155.28045654296875,
            "max": 15970.6298828125,
            "count": 9
        },
        "WalkToGoal.Environment.CumulativeReward.mean": {
            "value": -1.1158314475064126,
            "min": -1.1180000133812427,
            "max": -1.0355648713100656,
            "count": 9
        },
        "WalkToGoal.Environment.CumulativeReward.sum": {
            "value": -979.7000109106302,
            "min": -1009.3000177592039,
            "max": -970.1000143289566,
            "count": 9
        },
        "WalkToGoal.Policy.GailReward.mean": {
            "value": 7.876577178682445,
            "min": 7.139701117948469,
            "max": 7.876577178682445,
            "count": 9
        },
        "WalkToGoal.Policy.GailReward.sum": {
            "value": 6915.634762883186,
            "min": 6846.004362046719,
            "max": 6932.528412461281,
            "count": 9
        },
        "WalkToGoal.IsTraining.mean": {
            "value": 1.0,
            "min": 1.0,
            "max": 1.0,
            "count": 9
        },
        "WalkToGoal.IsTraining.sum": {
            "value": 1.0,
            "min": 1.0,
            "max": 1.0,
            "count": 9
        },
        "WalkToGoal.Losses.PolicyLoss.mean": {
            "value": 0.02031284593443464,
            "min": 0.017313921893946826,
            "max": 0.021359144434488067,
            "count": 4
        },
        "WalkToGoal.Losses.PolicyLoss.sum": {
            "value": 0.02031284593443464,
            "min": 0.017313921893946826,
            "max": 0.021359144434488067,
            "count": 4
        },
        "WalkToGoal.Losses.ValueLoss.mean": {
            "value": 3.267477107048035,
            "min": 2.1546688636144,
            "max": 3.267477107048035,
            "count": 4
        },
        "WalkToGoal.Losses.ValueLoss.sum": {
            "value": 3.267477107048035,
            "min": 2.1546688636144,
            "max": 3.267477107048035,
            "count": 4
        },
        "WalkToGoal.Policy.LearningRate.mean": {
            "value": 0.00029756907081030995,
            "min": 0.00029756907081030995,
            "max": 0.00029939262020245986,
            "count": 4
        },
        "WalkToGoal.Policy.LearningRate.sum": {
            "value": 0.00029756907081030995,
            "min": 0.00029756907081030995,
            "max": 0.00029939262020245986,
            "count": 4
        },
        "WalkToGoal.Policy.Epsilon.mean": {
            "value": 0.19918968999999997,
            "min": 0.19918968999999997,
            "max": 0.1997975399999999,
            "count": 4
        },
        "WalkToGoal.Policy.Epsilon.sum": {
            "value": 0.19918968999999997,
            "min": 0.19918968999999997,
            "max": 0.1997975399999999,
            "count": 4
        },
        "WalkToGoal.Policy.Beta.mean": {
            "value": 0.004959565530999998,
            "min": 0.004959565530999998,
            "max": 0.004989897245999999,
            "count": 4
        },
        "WalkToGoal.Policy.Beta.sum": {
            "value": 0.004959565530999998,
            "min": 0.004959565530999998,
            "max": 0.004989897245999999,
            "count": 4
        },
        "WalkToGoal.Policy.GAILPolicyEstimate.mean": {
            "value": 0.49957574407259625,
            "min": 0.4961865196625392,
            "max": 0.49957574407259625,
            "count": 4
        },
        "WalkToGoal.Policy.GAILPolicyEstimate.sum": {
            "value": 0.49957574407259625,
            "min": 0.4961865196625392,
            "max": 0.49957574407259625,
            "count": 4
        },
        "WalkToGoal.Policy.GAILExpertEstimate.mean": {
            "value": 0.49985540509223936,
            "min": 0.4967902948458989,
            "max": 0.49985540509223936,
            "count": 4
        },
        "WalkToGoal.Policy.GAILExpertEstimate.sum": {
            "value": 0.49985540509223936,
            "min": 0.4967902948458989,
            "max": 0.49985540509223936,
            "count": 4
        },
        "WalkToGoal.Losses.GAILLoss.mean": {
            "value": 1.3860323031743367,
            "min": 1.3851172129313152,
            "max": 1.3860323031743367,
            "count": 4
        },
        "WalkToGoal.Losses.GAILLoss.sum": {
            "value": 1.3860323031743367,
            "min": 1.3851172129313152,
            "max": 1.3860323031743367,
            "count": 4
        },
        "WalkToGoal.Policy.GAILGradMagLoss.mean": {
            "value": 0.18877597550551098,
            "min": 0.18877597550551098,
            "max": 1.3446417182683945,
            "count": 4
        },
        "WalkToGoal.Policy.GAILGradMagLoss.sum": {
            "value": 0.18877597550551098,
            "min": 0.18877597550551098,
            "max": 1.3446417182683945,
            "count": 4
        }
    },
    "metadata": {
        "timer_format_version": "0.1.0",
        "start_time_seconds": "1722539708",
        "python_version": "3.10.12 | packaged by Anaconda, Inc. | (main, Jul  5 2023, 19:01:18) [MSC v.1916 64 bit (AMD64)]",
        "command_line_arguments": "D:\\Conda\\envs\\mlagents20\\Scripts\\mlagents-learn trainer_config.yaml --num-envs=1 --time-scale=3 --env=Builds/BasicTest --torch-device=cpu --width=512 --height=512 --run-id=zGailNoneGamma",
        "mlagents_version": "1.0.0",
        "mlagents_envs_version": "1.0.0",
        "communication_protocol_version": "1.5.0",
        "pytorch_version": "2.2.1+cu121",
        "numpy_version": "1.21.2",
        "end_time_seconds": "1722539868"
    },
    "total": 160.30761950009037,
    "count": 1,
    "self": 0.1885641000699252,
    "children": {
        "run_training.setup": {
            "total": 0.11681169993244112,
            "count": 1,
            "self": 0.11681169993244112
        },
        "TrainerController.start_learning": {
            "total": 160.002243700088,
            "count": 1,
            "self": 0.49610351026058197,
            "children": {
                "TrainerController._reset_env": {
                    "total": 10.630627100006677,
                    "count": 1,