{
    "name": "root",
    "gauges": {
        "WalkToGoal.Policy.Entropy.mean": {
            "value": 0.46796637773513794,
            "min": 0.45455223321914673,
            "max": 1.6093865633010864,
            "count": 129
        },
        "WalkToGoal.Policy.Entropy.sum": {
            "value": 4672.17626953125,
            "min": 4538.7041015625,
            "max": 16243.517578125,
            "count": 129
        },
        "WalkToGoal.Time.Step:Millis.mean": {
            "value": 14.927607474418787,
            "min": 12.665205494045436,
            "max": 75923682791.02983,
            "count": 129
        },
        "WalkToGoal.Time.Step:Millis.sum": {
            "value": 149037.23302459717,
            "min": 126462.07685804367,
            "max": 766297730409864.1,
            "count": 129
        },
        "WalkToGoal.Environment.EpisodeLength.mean": {
            "value": 11.48811013767209,
            "min": 9.404145077720207,
            "max": 11.50498753117207,
            "count": 129
        },
        "WalkToGoal.Environment.EpisodeLength.sum": {
            "value": 9179.0,
            "min": 8995.0,
            "max": 9272.0,
            "count": 129
        },
        "WalkToGoal.Step.mean": {
            "value": 1289997.0,
            "min": 9995.0,
            "max": 1289997.0,
            "count": 129
        },
        "WalkToGoal.Step.sum": {
            "value": 1289997.0,
            "min": 9995.0,
            "max": 1289997.0,
            "count": 129
        },
        "WalkToGoal.Policy.GailValueEstimate.mean": {
            "value": 117.34003448486328,
            "min": 0.07054522633552551,
            "max": 117.34003448486328,
            "count": 129
        },
        "WalkToGoal.Policy.GailValueEstimate.sum": {
            "value": 281498.75,
            "min": 173.470703125,
            "max": 281498.75,
            "count": 129
        },
        "WalkToGoal.Environment.CumulativeReward.mean": {
            "value": -1.2475594568237645,
            "min": -1.2513715785712078,
            "max": -1.0265263324819114,
            "count": 129
        },
        "WalkToGoal.Environment.CumulativeReward.sum": {
            "value": -996.8000060021877,
            "min": -1024.9000117182732,
            "max": -975.2000158578157,
            "count": 129
        },
        "WalkToGoal.Policy.GailReward.mean": {
            "value": 7.201351911016042,
            "min": 5.3276275913066184,
            "max": 13.032820166709522,
            "count": 129
        },
        "WalkToGoal.Policy.GailReward.sum": {
            "value": 5753.880176901817,
            "min": 4322.799135923386,
            "max": 11260.356624037027,
            "count": 129
        },
        "WalkToGoal.IsTraining.mean": {
            "value": 1.0,
            "min": 1.0,
            "max": 1.0,
            "count": 129
        },
        "WalkToGoal.IsTraining.sum": {
            "value": 1.0,
            "min": 1.0,
            "max": 1.0,
            "count": 129
        },
        "WalkToGoal.Losses.PolicyLoss.mean": {
            "value": 0.01222383997325475,
            "min": 0.007513615977950394,
            "max": 0.018459144188091157,
            "count": 63
        },
        "WalkToGoal.Losses.PolicyLoss.sum": {
            "value": 0.01222383997325475,
            "min": 0.007513615977950394,
            "max": 0.018459144188091157,
            "count": 63
        },
        "WalkToGoal.Losses.ValueLoss.mean": {
            "value": 12.43783098856608,
            "min": 2.182182534535726,
            "max": 21.105465189615884,
            "count": 63
        },
        "WalkToGoal.Losses.ValueLoss.sum": {
            "value": 12.43783098856608,
            "min": 2.182182534535726,
            "max": 21.105465189615884,
            "count": 63
        },
        "WalkToGoal.Policy.LearningRate.mean": {
            "value": 0.00026172883275706,
            "min": 0.00026172883275706,
            "max": 0.00029939139020287005,
            "count": 63
        },
        "WalkToGoal.Policy.LearningRate.sum": {
            "value": 0.00026172883275706,
            "min": 0.00026172883275706,
            "max": 0.00029939139020287005,
            "count": 63
        },
        "WalkToGoal.Policy.Epsilon.mean": {
            "value": 0.18724294,
            "min": 0.18724294,
            "max": 0.19979713,
            "count": 63
        },
        "WalkToGoal.Policy.Epsilon.sum": {
            "value": 0.18724294,
            "min": 0.18724294,
            "max": 0.19979713,
            "count": 63
        },
        "WalkToGoal.Policy.Beta.mean": {
            "value": 0.004363422706,
            "min": 0.004363422706,
            "max": 0.004989876786999999,
            "count": 63
        },
        "WalkToGoal.Policy.Beta.sum": {
            "value": 0.004363422706,
            "min": 0.004363422706,
            "max": 0.004989876786999999,
            "count": 63
        },
        "WalkToGoal.Policy.GAILPolicyEstimate.mean": {
            "value": 0.42107099095980327,
            "min": 0.3299432933330536,
            "max": 0.6070842901865642,
            "count": 63
        },
        "WalkToGoal.Policy.GAILPolicyEstimate.sum": {
            "value": 0.42107099095980327,
            "min": 0.3299432933330536,
            "max": 0.6070842901865642,
            "count": 63
        },
        "WalkToGoal.Policy.GAILExpertEstimate.mean": {
            "value": 0.5497300227483114,
            "min": 0.45376203060150144,
            "max": 0.5946502804756164,
            "count": 63
        },
        "WalkToGoal.Policy.GAILExpertEstimate.sum": {
            "value": 0.5497300227483114,
            "min": 0.45376203060150144,
            "max": 0.5946502804756164,
            "count": 63
        },
        "WalkToGoal.Losses.GAILLoss.mean": {
            "value": 1.1934706608454386,
            "min": 0.9789068500200907,
            "max": 1.7316136995951334,
            "count": 63
        },
        "WalkToGoal.Losses.GAILLoss.sum": {
            "value": 1.1934706608454386,
            "min": 0.9789068500200907,
            "max": 1.7316136995951334,
            "count": 63
        },
        "WalkToGoal.Policy.GAILGradMagLoss.mean": {
            "value": 0.03389857051273187,
            "min": 0.032302078977227214,
            "max": 9.19621073404948,
            "count": 63
        },
        "WalkToGoal.Policy.GAILGradMagLoss.sum": {
            "value": 0.03389857051273187,
            "min": 0.032302078977227214,
            "max": 9.19621073404948,
            "count": 63
        }
    },
    "metadata": {
        "timer_format_version": "0.1.0",
        "start_time_seconds": "1722542414",
        "python_version": "3.10.12 | packaged by Anaconda, Inc. | (main, Jul  5 2023, 19:01:18) [MSC v.1916 64 bit (AMD64)]",
        "command_line_arguments": "D:\\Conda\\envs\\mlagents20\\Scripts\\mlagents-learn trainer_config.yaml --num-envs=1 --time-scale=3 --env=Builds/BasicTest --torch-device=cpu --width=512 --height=512 --run-id=zGailNoneGamma1",
        "mlagents_version": "1.0.0",
        "mlagents_envs_version": "1.0.0",
        "communication_protocol_version": "1.5.0",
        "pytorch_version": "2.2.1+cu121",
        "numpy_version": "1.21.2",
        "end_time_seconds": "1722544695"
    },
    "total": 2280.982960699941,
    "count": 1,
    "self": 0.017485299962572753,
    "children": {
        "run_training.setup": {
            "total": 0.12680299999192357,
            "count": 1,
            "self": 0.12680299999192357
        },
        "TrainerController.start_learning": {
            "total": 2280.8386723999865,
            "count": 1,
            "self": 7.234218386234716,
            "children": {
                "TrainerController._reset_env": {
                    "total": 11.702872000052594,
                    "count": 1,
                    "self": 7.979724499979056,