{
    "name": "root",
    "gauges": {
        "FindExitAgent.Policy.Entropy.mean": {
            "value": 0.519416332244873,
            "min": 0.4046287536621094,
            "max": 1.9458214044570923,
            "count": 177
        },
        "FindExitAgent.Policy.Entropy.sum": {
            "value": 5802.9189453125,
            "min": 3544.41015625,
            "max": 29152.296875,
            "count": 177
        },
        "FindExitAgent.Time.Step:Millis.mean": {
            "value": 9.228380537869638,
            "min": 5.68068212272348,
            "max": 25583842860.9797,
            "count": 177
        },
        "FindExitAgent.Time.Step:Millis.sum": {
            "value": 103099.46736907959,
            "min": 29913.83916926384,
            "max": 383143630686031.94,
            "count": 177
        },
        "FindExitAgent.Environment.EpisodeLength.mean": {
            "value": 291.52941176470586,
            "min": 158.80851063829786,
            "max": 2484.4,
            "count": 177
        },
        "FindExitAgent.Environment.EpisodeLength.sum": {
            "value": 9912.0,
            "min": 4061.0,
            "max": 19475.0,
            "count": 177
        },
        "FindExitAgent.Step.mean": {
            "value": 2123922.0,
            "min": 11590.0,
            "max": 2123922.0,
            "count": 177
        },
        "FindExitAgent.Step.sum": {
            "value": 2123922.0,
            "min": 11590.0,
            "max": 2123922.0,
            "count": 177
        },
        "FindExitAgent.Policy.ExtrinsicValueEstimate.mean": {
            "value": 0.8724572658538818,
            "min": -0.04661417752504349,
            "max": 0.9432778358459473,
            "count": 177
        },
        "FindExitAgent.Policy.ExtrinsicValueEstimate.sum": {
            "value": 32.28091812133789,
            "min": -0.8390551805496216,
            "max": 52.66106414794922,
            "count": 177
        },
        "FindExitAgent.Environment.CumulativeReward.mean": {
            "value": 2.3425538055598736,
            "min": -0.6264858586447579,
            "max": 2.4391885674916782,
            "count": 177
        },
        "FindExitAgent.Environment.CumulativeReward.sum": {
            "value": 74.96172177791595,
            "min": -7.386999949812889,
            "max": 134.42690706253052,
            "count": 177
        },
        "FindExitAgent.Policy.ExtrinsicReward.mean": {
            "value": 2.3425538055598736,
            "min": -0.6264858586447579,
            "max": 2.4391885674916782,
            "count": 177
        },
        "FindExitAgent.Policy.ExtrinsicReward.sum": {
            "value": 74.96172177791595,
            "min": -7.386999949812889,
            "max": 134.42690706253052,
            "count": 177
        },
        "FindExitAgent.IsTraining.mean": {
            "value": 1.0,
            "min": 1.0,
            "max": 1.0,
            "count": 177
        },
        "FindExitAgent.IsTraining.sum": {
            "value": 1.0,
            "min": 1.0,
            "max": 1.0,
            "count": 177
        },
        "FindExitAgent.Losses.PolicyLoss.mean": {
            "value": 0.07564369753508333,
            "min": 0.06594624843797646,
            "max": 0.08108516231545114,
            "count": 172
        },
        "FindExitAgent.Losses.PolicyLoss.sum": {
            "value": 0.07564369753508333,
            "min": 0.06594624843797646,
            "max": 0.08108516231545114,
            "count": 172
        },
        "FindExitAgent.Losses.ValueLoss.mean": {
            "value": 0.010904878430152073,
            "min": 0.0007828743534483236,
            "max": 0.04517713608996322,
            "count": 172
        },
        "FindExitAgent.Losses.ValueLoss.sum": {
            "value": 0.010904878430152073,
            "min": 0.0007828743534483236,
            "max": 0.04517713608996322,
            "count": 172
        },
        "FindExitAgent.Policy.LearningRate.mean": {
            "value": 0.0002987268010243997,
            "min": 0.0002987268010243997,
            "max": 0.000299992446002518,
            "count": 172
        },
        "FindExitAgent.Policy.LearningRate.sum": {
            "value": 0.0002987268010243997,
            "min": 0.0002987268010243997,
            "max": 0.000299992446002518,
            "count": 172
        },
        "FindExitAgent.Policy.Epsilon.mean": {
            "value": 0.1995756002,
            "min": 0.1995756002,
            "max": 0.199997482,
            "count": 172
        },
        "FindExitAgent.Policy.Epsilon.sum": {
            "value": 0.1995756002,
            "min": 0.1995756002,
            "max": 0.199997482,
            "count": 172
        },
        "FindExitAgent.Policy.Beta.mean": {
            "value": 0.0009957984419800001,
            "min": 0.0009957984419800001,
            "max": 0.0009999750718000001,
            "count": 172
        },
        "FindExitAgent.Policy.Beta.sum": {
            "value": 0.0009957984419800001,
            "min": 0.0009957984419800001,
            "max": 0.0009999750718000001,
            "count": 172
        }
    },
    "metadata": {
        "timer_format_version": "0.1.0",
        "start_time_seconds": "1721669321",
        "python_version": "3.10.12 | packaged by Anaconda, Inc. | (main, Jul  5 2023, 19:01:18) [MSC v.1916 64 bit (AMD64)]",
        "command_line_arguments": "D:\\Conda\\envs\\mlagents20\\Scripts\\mlagents-learn trainer_config.yaml --time-scale=2 --env=builds/MediumProj --torch-device=cpu --width=512 --height=512 --run-id=PPO",
        "mlagents_version": "1.0.0",
        "mlagents_envs_version": "1.0.0",
        "communication_protocol_version": "1.5.0",
        "pytorch_version": "2.2.1+cu121",
        "numpy_version": "1.21.2",
        "end_time_seconds": "1721672120"
    },
    "total": 2799.636310199974,
    "count": 1,
    "self": 4.227210499928333,
    "children": {
        "run_training.setup": {
            "total": 0.2235849000280723,
            "count": 1,
            "self": 0.2235849000280723
        },
        "TrainerController.start_learning": {
            "total": 2795.1855148000177,
            "count": 1,
            "self": 9.202413203311153,
            "children": {
                "TrainerController._reset_env": {
                    "total": 14.694292899919674,
                    "count": 1,
                    "self": 14.694292899919674
                },
                "TrainerController.advance": {
                    "total": 2771.204953896813,
                    "count": 354656,
                    "self": 4.335277585429139,
                    "children": {
                        "env_step": {
                            "total": 2766.869676311384,
                            "count": 354656,
                            "self": 1757.0537653180072,
                            "children": {
                                "SubprocessEnvManager._take_step": {
                                    "total": 1005.0946301979711,
                                    "count": 354656,
                                    "self": 19.466823850758374,
                                    "children": {
                                        "TorchPolicy.evaluate": {
                                            "total": 985.6278063472128,
                                            "count": 354656,
                                            "self": 985.6278063472128
                                        }
                                    }
                                },
                                "workers": {
                                    "total": 4.721280795405619,
                                    "count": 354655,
                                    "self": 0.0,
                                    "children": {
                                        "worker_root": {
                                            "total": 2780.0057792189764,