{
    "name": "root",
    "gauges": {
        "SpaceShooterAgent.Policy.Entropy.mean": {
            "value": 1.335707664489746,
            "min": 1.3173534870147705,
            "max": 2.122954845428467,
            "count": 1085
        },
        "SpaceShooterAgent.Policy.Entropy.sum": {
            "value": 54336.5859375,
            "min": 16295.607421875,
            "max": 139731.859375,
            "count": 1085
        },
        "SpaceShooterAgent.Time.Step:Millis.mean": {
            "value": 7.269396554275014,
            "min": 6.8957019043930075,
            "max": 12625157721.347097,
            "count": 1085
        },
        "SpaceShooterAgent.Time.Step:Millis.sum": {
            "value": 295719.05182790756,
            "min": 115847.66963720322,
            "max": 510864382036588.94,
            "count": 1085
        },
        "SpaceShooterAgent.Environment.EpisodeLength.mean": {
            "value": 3115.0,
            "min": 131.17161716171617,
            "max": 4589.8,
            "count": 1085
        },
        "SpaceShooterAgent.Environment.EpisodeLength.sum": {
            "value": 28035.0,
            "min": 1739.0,
            "max": 76389.0,
            "count": 1085
        },
        "SpaceShooterAgent.Step.mean": {
            "value": 43398718.0,
            "min": 39906.0,
            "max": 43398718.0,
            "count": 1085
        },
        "SpaceShooterAgent.Step.sum": {
            "value": 43398718.0,
            "min": 39906.0,
            "max": 43398718.0,
            "count": 1085
        },
        "SpaceShooterAgent.Policy.GailValueEstimate.mean": {
            "value": 15.355040550231934,
            "min": -0.014693797565996647,
            "max": 68.78643035888672,
            "count": 1085
        },
        "SpaceShooterAgent.Policy.GailValueEstimate.sum": {
            "value": 368.5209655761719,
            "min": -4.42283296585083,
            "max": 3083.5625,
            "count": 1085
        },
        "SpaceShooterAgent.Environment.CumulativeReward.mean": {
            "value": 0.9148060604929924,
            "min": -0.6408691169584498,
            "max": 1.5758450137717384,
            "count": 1085
        },
        "SpaceShooterAgent.Environment.CumulativeReward.sum": {
            "value": 9.148060604929924,
            "min": -157.1035898923874,
            "max": 35.21487553417683,
            "count": 1085
        },
        "SpaceShooterAgent.Policy.GailReward.mean": {
            "value": 455.4670867919922,
            "min": 21.69186895920825,
            "max": 759.6047676086425,
            "count": 1085
        },
        "SpaceShooterAgent.Policy.GailReward.sum": {
            "value": 4554.670867919922,
            "min": 2251.834493637085,
            "max": 27102.86195373535,
            "count": 1085
        },
        "SpaceShooterAgent.IsTraining.mean": {
            "value": 1.0,
            "min": 1.0,
            "max": 1.0,
            "count": 1085
        },
        "SpaceShooterAgent.IsTraining.sum": {
            "value": 1.0,
            "min": 1.0,
            "max": 1.0,
            "count": 1085
        },
        "SpaceShooterAgent.Losses.PolicyLoss.mean": {
            "value": 0.016894514247709137,
            "min": 0.016414583367082236,
            "max": 0.019279189234157383,
            "count": 105
        },
        "SpaceShooterAgent.Losses.PolicyLoss.sum": {
            "value": 0.016894514247709137,
            "min": 0.016414583367082236,
            "max": 0.019279189234157383,
            "count": 105
        },
        "SpaceShooterAgent.Losses.ValueLoss.mean": {
            "value": 6.480238436472298,
            "min": 0.99486574235529,
            "max": 35.94353817162341,
            "count": 105
        },
        "SpaceShooterAgent.Losses.ValueLoss.sum": {
            "value": 6.480238436472298,
            "min": 0.99486574235529,
            "max": 35.94353817162341,
            "count": 105
        },
        "SpaceShooterAgent.Policy.LearningRate.mean": {
            "value": 8.451672182778332e-05,
            "min": 8.451672182778332e-05,
            "max": 0.00029795135568288166,
            "count": 105
        },
        "SpaceShooterAgent.Policy.LearningRate.sum": {
            "value": 8.451672182778332e-05,
            "min": 8.451672182778332e-05,
            "max": 0.00029795135568288166,
            "count": 105
        },
        "SpaceShooterAgent.Policy.Epsilon.mean": {
            "value": 0.12817221666666664,
            "min": 0.12817221666666664,
            "max": 0.19931711833333332,
            "count": 105
        },
        "SpaceShooterAgent.Policy.Epsilon.sum": {
            "value": 0.12817221666666664,
            "min": 0.12817221666666664,
            "max": 0.19931711833333332,
            "count": 105
        },
        "SpaceShooterAgent.Policy.Beta.mean": {
            "value": 0.0014157936116666668,
            "min": 0.0014157936116666668,
            "max": 0.004965924204833333,
            "count": 105
        },
        "SpaceShooterAgent.Policy.Beta.sum": {
            "value": 0.0014157936116666668,
            "min": 0.0014157936116666668,
            "max": 0.004965924204833333,
            "count": 105
        },
        "SpaceShooterAgent.Policy.GAILPolicyEstimate.mean": {
            "value": 0.09912111120845618,
            "min": 0.05524446636979336,
            "max": 0.2931703096470817,
            "count": 105
        },
        "SpaceShooterAgent.Policy.GAILPolicyEstimate.sum": {
            "value": 0.09912111120845618,
            "min": 0.05524446636979336,
            "max": 0.2931703096470817,
            "count": 105
        },
        "SpaceShooterAgent.Policy.GAILExpertEstimate.mean": {
            "value": 0.9279334391697799,
            "min": 0.6606522065774836,
            "max": 0.9550205201599071,
            "count": 105
        },
        "SpaceShooterAgent.Policy.GAILExpertEstimate.sum": {
            "value": 0.9279334391697799,
            "min": 0.6606522065774836,
            "max": 0.9550205201599071,
            "count": 105
        },
        "SpaceShooterAgent.Losses.GAILLoss.mean": {
            "value": 0.2197162817069406,
            "min": 0.12083814140692009,
            "max": 0.8396458002206909,
            "count": 105
        },
        "SpaceShooterAgent.Losses.GAILLoss.sum": {
            "value": 0.2197162817069406,
            "min": 0.12083814140692009,
            "max": 0.8396458002206909,
            "count": 105
        },
        "SpaceShooterAgent.Policy.GAILGradMagLoss.mean": {
            "value": 0.05826258438058419,
            "min": 0.037437379725965926,
            "max": 0.24288053551793296,
            "count": 105
        },
        "SpaceShooterAgent.Policy.GAILGradMagLoss.sum": {
            "value": 0.05826258438058419,
            "min": 0.037437379725965926,
            "max": 0.24288053551793296,
            "count": 105
        }
    },
    "metadata": {
        "timer_format_version": "0.1.0",
        "start_time_seconds": "1722447563",
        "python_version": "3.10.12 | packaged by Anaconda, Inc. | (main, Jul  5 2023, 19:01:18) [MSC v.1916 64 bit (AMD64)]",
        "command_line_arguments": "D:\\Conda\\envs\\mlagents20\\Scripts\\mlagents-learn trainer_config.yaml --num-envs=1 --time-scale=3 --env=buildwalls/Complex --torch-device=cpu --width=512 --height=512 --run-id=ComplexGailWalls",
        "mlagents_version": "1.0.0",
        "mlagents_envs_version": "1.0.0",
        "communication_protocol_version": "1.5.0",
        "pytorch_version": "2.2.1+cu121",
        "numpy_version": "1.21.2",
        "end_time_seconds": "1722520902"
    },
    "total": 73338.4725742999,
    "count": 1,
    "self": 1.3573185998247936,
    "children": {
        "run_training.setup": {
            "total": 0.12831290008034557,
            "count": 1,
            "self": 0.12831290008034557
        },