{
    "name": "root",
    "gauges": {
        "WalkToGoal.Policy.Entropy.mean": {
            "value": 1.5301681756973267,
            "min": 1.5301681756973267,
            "max": 1.6091721057891846,
            "count": 8
        },
        "WalkToGoal.Policy.Entropy.sum": {
            "value": 15315.453125,
            "min": 15315.453125,
            "max": 16220.28125,
            "count": 8
        },
        "WalkToGoal.Time.Step:Millis.mean": {
            "value": 13.129341490845876,
            "min": 13.129341490845876,
            "max": 76021590244.822,
            "count": 8
        },
        "WalkToGoal.Time.Step:Millis.sum": {
            "value": 131411.57898187637,
            "min": 131411.57898187637,
            "max": 766297629667805.8,
            "count": 8
        },
        "WalkToGoal.Environment.EpisodeLength.mean": {
            "value": 10.325028312570781,
            "min": 9.42901878914405,
            "max": 10.325028312570781,
            "count": 8
        },
        "WalkToGoal.Environment.EpisodeLength.sum": {
            "value": 9117.0,
            "min": 9033.0,
            "max": 9117.0,
            "count": 8
        },
        "WalkToGoal.Step.mean": {
            "value": 79999.0,
            "min": 9995.0,
            "max": 79999.0,
            "count": 8
        },
        "WalkToGoal.Step.sum": {
            "value": 79999.0,
            "min": 9995.0,
            "max": 79999.0,
            "count": 8
        },
        "WalkToGoal.Policy.GailValueEstimate.mean": {
            "value": 5.701132297515869,
            "min": -0.20709440112113953,
            "max": 5.701132297515869,
            "count": 8
        },
        "WalkToGoal.Policy.GailValueEstimate.sum": {
            "value": 5039.80078125,
            "min": -198.3964385986328,
            "max": 5039.80078125,
            "count": 8
        },
        "WalkToGoal.Environment.CumulativeReward.mean": {
            "value": -1.1369910049357566,
            "min": -1.1369910049357566,
            "max": -1.0360125775501474,
            "count": 8
        },
        "WalkToGoal.Environment.CumulativeReward.sum": {
            "value": -1005.1000483632088,
            "min": -1031.0000495612621,
            "max": -990.9000482559204,
            "count": 8
        },
        "WalkToGoal.Policy.GailReward.mean": {
            "value": 7.895946423797047,
            "min": 7.0738531961431095,
            "max": 7.895946423797047,
            "count": 8
        },
        "WalkToGoal.Policy.GailReward.sum": {
            "value": 6980.016638636589,
            "min": 6778.396465063095,
            "max": 6988.906525015831,
            "count": 8
        },
        "WalkToGoal.IsTraining.mean": {
            "value": 1.0,
            "min": 1.0,
            "max": 1.0,
            "count": 8
        },
        "WalkToGoal.IsTraining.sum": {
            "value": 1.0,
            "min": 1.0,
            "max": 1.0,
            "count": 8
        },
        "WalkToGoal.Losses.PolicyLoss.mean": {
            "value": 0.01564035228220746,
            "min": 0.014471439047702006,
            "max": 0.016737686980438107,
            "count": 3
        },
        "WalkToGoal.Losses.PolicyLoss.sum": {
            "value": 0.01564035228220746,
            "min": 0.014471439047702006,
            "max": 0.016737686980438107,
            "count": 3
        },
        "WalkToGoal.Losses.ValueLoss.mean": {
            "value": 10.254713678359986,
            "min": 10.254713678359986,
            "max": 10.848891448974609,
            "count": 3
        },
        "WalkToGoal.Losses.ValueLoss.sum": {
            "value": 10.254713678359986,
            "min": 10.254713678359986,
            "max": 10.848891448974609,
            "count": 3
        },
        "WalkToGoal.Policy.LearningRate.mean": {
            "value": 0.0002981777706074099,
            "min": 0.0002981777706074099,
            "max": 0.00029939244020251994,
            "count": 3
        },
        "WalkToGoal.Policy.LearningRate.sum": {
            "value": 0.0002981777706074099,
            "min": 0.0002981777706074099,
            "max": 0.00029939244020251994,
            "count": 3
        },
        "WalkToGoal.Policy.Epsilon.mean": {
            "value": 0.1993925900000001,
            "min": 0.1993925900000001,
            "max": 0.19979748000000003,
            "count": 3
        },
        "WalkToGoal.Policy.Epsilon.sum": {
            "value": 0.1993925900000001,
            "min": 0.1993925900000001,
            "max": 0.19979748000000003,
            "count": 3
        },
        "WalkToGoal.Policy.Beta.mean": {
            "value": 0.004969690240999999,
            "min": 0.004969690240999999,
            "max": 0.004989894252000001,
            "count": 3
        },
        "WalkToGoal.Policy.Beta.sum": {
            "value": 0.004969690240999999,
            "min": 0.004969690240999999,
            "max": 0.004989894252000001,
            "count": 3
        },
        "WalkToGoal.Policy.GAILPolicyEstimate.mean": {
            "value": 0.5017455518245697,
            "min": 0.5007018466790517,
            "max": 0.5033298512299855,
            "count": 3
        },
        "WalkToGoal.Policy.GAILPolicyEstimate.sum": {
            "value": 0.5017455518245697,
            "min": 0.5007018466790517,
            "max": 0.5033298512299855,
            "count": 3
        },
        "WalkToGoal.Policy.GAILExpertEstimate.mean": {
            "value": 0.5023548364639282,
            "min": 0.5015743136405945,
            "max": 0.5032811005910237,
            "count": 3
        },
        "WalkToGoal.Policy.GAILExpertEstimate.sum": {
            "value": 0.5023548364639282,
            "min": 0.5015743136405945,
            "max": 0.5032811005910237,
            "count": 3
        },
        "WalkToGoal.Losses.GAILLoss.mean": {
            "value": 1.3857663551966348,
            "min": 1.3856553832689922,
            "max": 1.3871873259544372,
            "count": 3
        },
        "WalkToGoal.Losses.GAILLoss.sum": {
            "value": 1.3857663551966348,
            "min": 1.3856553832689922,
            "max": 1.3871873259544372,
            "count": 3
        },
        "WalkToGoal.Policy.GAILGradMagLoss.mean": {
            "value": 0.2628251388669014,
            "min": 0.2628251388669014,
            "max": 2.0470259686311087,
            "count": 3
        },
        "WalkToGoal.Policy.GAILGradMagLoss.sum": {
            "value": 0.2628251388669014,
            "min": 0.2628251388669014,
            "max": 2.0470259686311087,
            "count": 3
        }
    },
    "metadata": {
        "timer_format_version": "0.1.0",
        "start_time_seconds": "1722536708",
        "python_version": "3.10.12 | packaged by Anaconda, Inc. | (main, Jul  5 2023, 19:01:18) [MSC v.1916 64 bit (AMD64)]",
        "command_line_arguments": "D:\\Conda\\envs\\mlagents20\\Scripts\\mlagents-learn trainer_config.yaml --num-envs=1 --time-scale=3 --env=Builds/BasicTest --torch-device=cpu --width=512 --height=512 --run-id=zGailNone",
        "mlagents_version": "1.0.0",
        "mlagents_envs_version": "1.0.0",
        "communication_protocol_version": "1.5.0",
        "pytorch_version": "2.2.1+cu121",
        "numpy_version": "1.21.2",
        "end_time_seconds": "1722536839"
    },
    "total": 130.9656066999305,
    "count": 1,
    "self": 0.18652749992907047,
    "children": {
        "run_training.setup": {
            "total": 0.12010960001498461,
            "count": 1,
            "self": 0.12010960001498461
        },
        "TrainerController.start_learning": {
            "total": 130.65896959998645,
            "count": 1,
            "self": 0.48073440336156636,
            "children": {
                "TrainerController._reset_env": {
                    "total": 10.64826929999981,
                    "count": 1,
                    "self": 7.3470430000452325,