{"count":1,"self":442.32238079999996,"total":452.4721337,"children":{"InitializeActuators":{"count":1,"self":0.0019947999999999997,"total":0.0019947999999999997,"children":null},"InitializeSensors":{"count":1,"self":0.0020007,"total":0.0020007,"children":null},"AgentSendState":{"count":22352,"self":2.3425474,"total":2.7068583999999998,"children":{"CollectObservations":{"count":22352,"self":0.1365949,"total":0.1365949,"children":null},"WriteActionMask":{"count":22352,"self":0.029516499999999998,"total":0.029516499999999998,"children":null},"RequestDecision":{"count":22352,"self":0.0930225,"total":0.1548834,"children":{"RayPerceptionSensor.Perceive":{"count":22352,"self":0.061860899999999996,"total":0.061860899999999996,"children":null}}},"RayPerceptionSensor.Perceive":{"count":22351,"self":0.0433162,"total":0.0433162,"children":null}}},"DecideAction":{"count":22352,"self":0.0709717,"total":0.0709717,"children":null},"AgentAct":{"count":22352,"self":7.3669232,"total":7.3669229,"children":null},"RayPerceptionSensor.Perceive":{"count":248,"self":0.0010003,"total":0.0010003,"children":null}},"gauges":{"FindExitAgent.CumulativeReward":{"count":124,"max":3.16117644,"min":2.17626715,"runningAverage":2.502365,"value":2.77430344,"weightedAverage":2.57002521}},"metadata":{"timer_format_version":"0.1.0","start_time_seconds":"1722505294","unity_version":"2023.2.13f1","command_line_arguments":"G:\\Unity\\2023.2.13f1\\Editor\\Unity.exe -projectpath G:\\Unity\\MediumProj -useHub -hubIPC -cloudEnvironment production -licensingIpc LicenseClient-12mau -hubSessionId 5af9a853-2e82-4bc3-b92f-26b98c059014 -accessToken WMSOq-2NXjY8eY72kk4bheMXQc2JKhCffbZXkxS5qlA005f","communication_protocol_version":"1.5.0","com.unity.ml-agents_version":"2.0.1","scene_name":"Key","end_time_seconds":"1722505746"}}